"lecture_number","lecture_title","concept_start_slide","concept_end_slide","concept_group","concept_type","boundary_after_end_slide","boundary_strength","next_concept","why_strong_boundary_is_natural"
"1","CNN","1","1","CNN lecture framing","conceptual unit","yes","medium","MLP refresher",""
"1","CNN","2","7","MLP and neural network refresher","conceptual unit","yes","strong","Image data motivation","Slides 2-7 complete the conceptual unit 'MLP and neural network refresher' before the lecture shifts to 'Image data motivation'. Stopping after slide 7 keeps the full explanation intact and avoids splitting a derivation, algorithm, worked example, architecture explanation, or necessary comparison."
"1","CNN","8","13","Image datasets and CNN motivation","model architecture explanation","yes","strong","Convolution operation","Slides 8-13 complete the model architecture explanation 'Image datasets and CNN motivation' before the lecture shifts to 'Convolution operation'. Stopping after slide 13 keeps the full explanation intact and avoids splitting a derivation, algorithm, worked example, architecture explanation, or necessary comparison."
"1","CNN","14","21","Convolution fundamentals","conceptual unit","yes","strong","Classical image filters","Slides 14-21 complete the conceptual unit 'Convolution fundamentals' before the lecture shifts to 'Classical image filters'. Stopping after slide 21 keeps the full explanation intact and avoids splitting a derivation, algorithm, worked example, architecture explanation, or necessary comparison."
"1","CNN","22","33","Classical filters padding and kernel mechanics","conceptual unit","yes","strong","Multichannel convolution","Slides 22-33 complete the conceptual unit 'Classical filters padding and kernel mechanics' before the lecture shifts to 'Multichannel convolution'. Stopping after slide 33 keeps the full explanation intact and avoids splitting a derivation, algorithm, worked example, architecture explanation, or necessary comparison."
"1","CNN","34","41","Multichannel and multilayer convolution","conceptual unit","yes","strong","CNN inductive bias","Slides 34-41 complete the conceptual unit 'Multichannel and multilayer convolution' before the lecture shifts to 'CNN inductive bias'. Stopping after slide 41 keeps the full explanation intact and avoids splitting a derivation, algorithm, worked example, architecture explanation, or necessary comparison."
"1","CNN","42","45","CNN inductive bias and hierarchy","comparison or tradeoff","yes","medium","Pooling",""
"1","CNN","46","48","Pooling and spatial reduction","comparison or tradeoff","yes","strong","AlexNet architecture","Slides 46-48 complete the comparison or tradeoff 'Pooling and spatial reduction' before the lecture shifts to 'AlexNet architecture'. Stopping after slide 48 keeps the full explanation intact and avoids splitting a derivation, algorithm, worked example, architecture explanation, or necessary comparison."
"1","CNN","49","51","AlexNet architecture and implementation","model architecture explanation","yes","strong","CNN summary","Slides 49-51 complete the model architecture explanation 'AlexNet architecture and implementation' before the lecture shifts to 'CNN summary'. Stopping after slide 51 keeps the full explanation intact and avoids splitting a derivation, algorithm, worked example, architecture explanation, or necessary comparison."
"1","CNN","52","52","CNN summary","summary or closure","yes","strong","Next lecture on evaluation metrics","Slides 52-52 close the lecture by completing the summary or closure 'CNN summary'. There is no required follow-on concept, so this is a clean video ending and a good place for recap or quiz."
"2","Metrics","1","2","Evaluation motivation","comparison or tradeoff","yes","strong","Binary decision framing","Slides 1-2 complete the comparison or tradeoff 'Evaluation motivation' before the lecture shifts to 'Binary decision framing'. Stopping after slide 2 keeps the full explanation intact and avoids splitting a derivation, algorithm, worked example, architecture explanation, or necessary comparison."
"2","Metrics","3","6","Binary decisions and confusion matrix","conceptual unit","yes","strong","Basic metrics","Slides 3-6 complete the conceptual unit 'Binary decisions and confusion matrix' before the lecture shifts to 'Basic metrics'. Stopping after slide 6 keeps the full explanation intact and avoids splitting a derivation, algorithm, worked example, architecture explanation, or necessary comparison."
"2","Metrics","7","14","Accuracy precision recall specificity and F1","conceptual unit","yes","strong","Metric tradeoff discussions","Slides 7-14 complete the conceptual unit 'Accuracy precision recall specificity and F1' before the lecture shifts to 'Metric tradeoff discussions'. Stopping after slide 14 keeps the full explanation intact and avoids splitting a derivation, algorithm, worked example, architecture explanation, or necessary comparison."
"2","Metrics","15","21","Threshold and metric tradeoff discussions","comparison or tradeoff","yes","strong","ROC and AUC","Slides 15-21 complete the comparison or tradeoff 'Threshold and metric tradeoff discussions' before the lecture shifts to 'ROC and AUC'. Stopping after slide 21 keeps the full explanation intact and avoids splitting a derivation, algorithm, worked example, architecture explanation, or necessary comparison."
"2","Metrics","22","27","ROC curves and AUC","comparison or tradeoff","yes","strong","AUC interpretation exercises","Slides 22-27 complete the comparison or tradeoff 'ROC curves and AUC' before the lecture shifts to 'AUC interpretation exercises'. Stopping after slide 27 keeps the full explanation intact and avoids splitting a derivation, algorithm, worked example, architecture explanation, or necessary comparison."
"2","Metrics","28","30","AUC interpretation exercises","comparison or tradeoff","yes","medium","Metric selection summary",""
"2","Metrics","31","32","Metric selection summary","comparison or tradeoff","yes","strong","Next lecture on loss functions","Slides 31-32 close the lecture by completing the comparison or tradeoff 'Metric selection summary'. There is no required follow-on concept, so this is a clean video ending and a good place for recap or quiz."
"3","Loss Function","1","4","Score functions loss functions and activations","mathematical derivation or procedure","yes","strong","Gradient descent optimization","Slides 1-4 complete the mathematical derivation or procedure 'Score functions loss functions and activations' before the lecture shifts to 'Gradient descent optimization'. Stopping after slide 4 keeps the full explanation intact and avoids splitting a derivation, algorithm, worked example, architecture explanation, or necessary comparison."
"3","Loss Function","5","16","Gradient descent optimization","mathematical derivation or procedure","yes","strong","Linear classifier worked example","Slides 5-16 complete the mathematical derivation or procedure 'Gradient descent optimization' before the lecture shifts to 'Linear classifier worked example'. Stopping after slide 16 keeps the full explanation intact and avoids splitting a derivation, algorithm, worked example, architecture explanation, or necessary comparison."
"3","Loss Function","17","23","Linear classifier worked example","worked example or demonstration","yes","strong","Softmax conversion","Slides 17-23 complete the worked example or demonstration 'Linear classifier worked example' before the lecture shifts to 'Softmax conversion'. Stopping after slide 23 keeps the full explanation intact and avoids splitting a derivation, algorithm, worked example, architecture explanation, or necessary comparison."
"3","Loss Function","24","29","Softmax derivation and numerical stability","mathematical derivation or procedure","yes","strong","Cross entropy loss","Slides 24-29 complete the mathematical derivation or procedure 'Softmax derivation and numerical stability' before the lecture shifts to 'Cross entropy loss'. Stopping after slide 29 keeps the full explanation intact and avoids splitting a derivation, algorithm, worked example, architecture explanation, or necessary comparison."
"3","Loss Function","30","37","Entropy cross entropy and loss comparison","mathematical derivation or procedure","yes","strong","Lecture summary","Slides 30-37 complete the mathematical derivation or procedure 'Entropy cross entropy and loss comparison' before the lecture shifts to 'Lecture summary'. Stopping after slide 37 keeps the full explanation intact and avoids splitting a derivation, algorithm, worked example, architecture explanation, or necessary comparison."
"3","Loss Function","38","38","Loss function summary","summary or closure","yes","strong","Next lecture on generalization","Slides 38-38 close the lecture by completing the summary or closure 'Loss function summary'. There is no required follow-on concept, so this is a clean video ending and a good place for recap or quiz."
"4","Overfit & Underfit","1","7","Underfitting overfitting and bias variance","comparison or tradeoff","yes","strong","Generalization splits","Slides 1-7 complete the comparison or tradeoff 'Underfitting overfitting and bias variance' before the lecture shifts to 'Generalization splits'. Stopping after slide 7 keeps the full explanation intact and avoids splitting a derivation, algorithm, worked example, architecture explanation, or necessary comparison."
"4","Overfit & Underfit","8","12","Generalization splits and cross validation","conceptual unit","yes","strong","Regularization objective","Slides 8-12 complete the conceptual unit 'Generalization splits and cross validation' before the lecture shifts to 'Regularization objective'. Stopping after slide 12 keeps the full explanation intact and avoids splitting a derivation, algorithm, worked example, architecture explanation, or necessary comparison."
"4","Overfit & Underfit","13","18","Regularized loss norms and least squares","worked example or demonstration","yes","strong","L1 and L2 geometry","Slides 13-18 complete the worked example or demonstration 'Regularized loss norms and least squares' before the lecture shifts to 'L1 and L2 geometry'. Stopping after slide 18 keeps the full explanation intact and avoids splitting a derivation, algorithm, worked example, architecture explanation, or necessary comparison."
"4","Overfit & Underfit","19","27","L1 L2 geometry shrinkage and sparsity","comparison or tradeoff","yes","strong","Dropout regularization","Slides 19-27 complete the comparison or tradeoff 'L1 L2 geometry shrinkage and sparsity' before the lecture shifts to 'Dropout regularization'. Stopping after slide 27 keeps the full explanation intact and avoids splitting a derivation, algorithm, worked example, architecture explanation, or necessary comparison."
"4","Overfit & Underfit","28","31","Dropout regularization","conceptual unit","yes","medium","Data augmentation",""
"4","Overfit & Underfit","32","33","Data augmentation","worked example or demonstration","yes","medium","Optimization controls",""
"4","Overfit & Underfit","34","37","Early stopping and learning-rate control","conceptual unit","yes","strong","Training recipe","Slides 34-37 complete the conceptual unit 'Early stopping and learning-rate control' before the lecture shifts to 'Training recipe'. Stopping after slide 37 keeps the full explanation intact and avoids splitting a derivation, algorithm, worked example, architecture explanation, or necessary comparison."
"4","Overfit & Underfit","38","39","Generalization recipe and summary","summary or closure","yes","strong","Next lecture on modern CNNs","Slides 38-39 close the lecture by completing the summary or closure 'Generalization recipe and summary'. There is no required follow-on concept, so this is a clean video ending and a good place for recap or quiz."
"5","Modern CNN","1","4","Modern CNN evolution overview","model architecture explanation","yes","strong","Foundation CNN architectures","Slides 1-4 complete the model architecture explanation 'Modern CNN evolution overview' before the lecture shifts to 'Foundation CNN architectures'. Stopping after slide 4 keeps the full explanation intact and avoids splitting a derivation, algorithm, worked example, architecture explanation, or necessary comparison."
"5","Modern CNN","5","14","LeNet AlexNet GAP and early CNN practice","model architecture explanation","yes","strong","Batch normalization and depth","Slides 5-14 complete the model architecture explanation 'LeNet AlexNet GAP and early CNN practice' before the lecture shifts to 'Batch normalization and depth'. Stopping after slide 14 keeps the full explanation intact and avoids splitting a derivation, algorithm, worked example, architecture explanation, or necessary comparison."
"5","Modern CNN","15","16","Batch normalization transition","conceptual unit","yes","medium","Depth and VGG",""
"5","Modern CNN","17","26","Depth width hierarchy and VGG","model architecture explanation","yes","strong","Deep optimization problems","Slides 17-26 complete the model architecture explanation 'Depth width hierarchy and VGG' before the lecture shifts to 'Deep optimization problems'. Stopping after slide 26 keeps the full explanation intact and avoids splitting a derivation, algorithm, worked example, architecture explanation, or necessary comparison."
"5","Modern CNN","27","33","Degradation vanishing gradients and optimization limits","mathematical derivation or procedure","yes","strong","Residual learning","Slides 27-33 complete the mathematical derivation or procedure 'Degradation vanishing gradients and optimization limits' before the lecture shifts to 'Residual learning'. Stopping after slide 33 keeps the full explanation intact and avoids splitting a derivation, algorithm, worked example, architecture explanation, or necessary comparison."
"5","Modern CNN","34","40","ResNet and residual learning","model architecture explanation","yes","strong","Multi-scale efficient CNN design","Slides 34-40 complete the model architecture explanation 'ResNet and residual learning' before the lecture shifts to 'Multi-scale efficient CNN design'. Stopping after slide 40 keeps the full explanation intact and avoids splitting a derivation, algorithm, worked example, architecture explanation, or necessary comparison."
"5","Modern CNN","41","50","Inception and multi-scale efficient convolution","model architecture explanation","yes","strong","Mobile and dense connectivity","Slides 41-50 complete the model architecture explanation 'Inception and multi-scale efficient convolution' before the lecture shifts to 'Mobile and dense connectivity'. Stopping after slide 50 keeps the full explanation intact and avoids splitting a derivation, algorithm, worked example, architecture explanation, or necessary comparison."
"5","Modern CNN","51","58","MobileNet and DenseNet efficiency patterns","model architecture explanation","yes","strong","Compound scaling","Slides 51-58 complete the model architecture explanation 'MobileNet and DenseNet efficiency patterns' before the lecture shifts to 'Compound scaling'. Stopping after slide 58 keeps the full explanation intact and avoids splitting a derivation, algorithm, worked example, architecture explanation, or necessary comparison."
"5","Modern CNN","59","67","EfficientNet scaling MBConv SE and modern principles","model architecture explanation","yes","strong","CNN evolution summary","Slides 59-67 complete the model architecture explanation 'EfficientNet scaling MBConv SE and modern principles' before the lecture shifts to 'CNN evolution summary'. Stopping after slide 67 keeps the full explanation intact and avoids splitting a derivation, algorithm, worked example, architecture explanation, or necessary comparison."
"5","Modern CNN","68","69","CNN evolution and objective-function wrap-up","summary or closure","yes","strong","Next lecture on segmentation","Slides 68-69 close the lecture by completing the summary or closure 'CNN evolution and objective-function wrap-up'. There is no required follow-on concept, so this is a clean video ending and a good place for recap or quiz."
"6","Segmentation","1","2","Semantic segmentation task definition","conceptual unit","yes","strong","Fully convolutional motivation","Slides 1-2 complete the conceptual unit 'Semantic segmentation task definition' before the lecture shifts to 'Fully convolutional motivation'. Stopping after slide 2 keeps the full explanation intact and avoids splitting a derivation, algorithm, worked example, architecture explanation, or necessary comparison."
"6","Segmentation","3","6","Why sliding windows fail and FCN motivation","motivation and problem framing","yes","strong","Fully convolutional networks","Slides 3-6 complete the motivation and problem framing 'Why sliding windows fail and FCN motivation' before the lecture shifts to 'Fully convolutional networks'. Stopping after slide 6 keeps the full explanation intact and avoids splitting a derivation, algorithm, worked example, architecture explanation, or necessary comparison."
"6","Segmentation","7","12","Fully convolutional network conversion","conceptual unit","yes","strong","Encoder-decoder segmentation","Slides 7-12 complete the conceptual unit 'Fully convolutional network conversion' before the lecture shifts to 'Encoder-decoder segmentation'. Stopping after slide 12 keeps the full explanation intact and avoids splitting a derivation, algorithm, worked example, architecture explanation, or necessary comparison."
"6","Segmentation","13","16","Downsampling U-Net and encoder-decoder structure","model architecture explanation","yes","strong","Upsampling methods","Slides 13-16 complete the model architecture explanation 'Downsampling U-Net and encoder-decoder structure' before the lecture shifts to 'Upsampling methods'. Stopping after slide 16 keeps the full explanation intact and avoids splitting a derivation, algorithm, worked example, architecture explanation, or necessary comparison."
"6","Segmentation","17","24","Upsampling methods and interpolation","mathematical derivation or procedure","yes","strong","Transposed convolution","Slides 17-24 complete the mathematical derivation or procedure 'Upsampling methods and interpolation' before the lecture shifts to 'Transposed convolution'. Stopping after slide 24 keeps the full explanation intact and avoids splitting a derivation, algorithm, worked example, architecture explanation, or necessary comparison."
"6","Segmentation","25","31","Transposed convolution spatial examples","worked example or demonstration","yes","strong","Matrix view of transposed convolution","Slides 25-31 complete the worked example or demonstration 'Transposed convolution spatial examples' before the lecture shifts to 'Matrix view of transposed convolution'. Stopping after slide 31 keeps the full explanation intact and avoids splitting a derivation, algorithm, worked example, architecture explanation, or necessary comparison."
"6","Segmentation","32","39","Matrix view and stride-2 transposed convolution derivation","worked example or demonstration","yes","strong","Artifacts and summary","Slides 32-39 complete the worked example or demonstration 'Matrix view and stride-2 transposed convolution derivation' before the lecture shifts to 'Artifacts and summary'. Stopping after slide 39 keeps the full explanation intact and avoids splitting a derivation, algorithm, worked example, architecture explanation, or necessary comparison."
"6","Segmentation","40","41","Transposed convolution limitations and summary","mathematical derivation or procedure","yes","strong","Next lecture on sequences","Slides 40-41 close the lecture by completing the mathematical derivation or procedure 'Transposed convolution limitations and summary'. There is no required follow-on concept, so this is a clean video ending and a good place for recap or quiz."
"7","LSTM","1","5","Sequence modeling task taxonomy","model architecture explanation","yes","strong","RNN recurrence","Slides 1-5 complete the model architecture explanation 'Sequence modeling task taxonomy' before the lecture shifts to 'RNN recurrence'. Stopping after slide 5 keeps the full explanation intact and avoids splitting a derivation, algorithm, worked example, architecture explanation, or necessary comparison."
"7","LSTM","6","8","RNN recurrence and long-term dependency problem","motivation and problem framing","yes","strong","LSTM gates","Slides 6-8 complete the motivation and problem framing 'RNN recurrence and long-term dependency problem' before the lecture shifts to 'LSTM gates'. Stopping after slide 8 keeps the full explanation intact and avoids splitting a derivation, algorithm, worked example, architecture explanation, or necessary comparison."
"7","LSTM","9","17","LSTM cell gates state update and parameter count","model architecture explanation","yes","strong","LSTM implementation","Slides 9-17 complete the model architecture explanation 'LSTM cell gates state update and parameter count' before the lecture shifts to 'LSTM implementation'. Stopping after slide 17 keeps the full explanation intact and avoids splitting a derivation, algorithm, worked example, architecture explanation, or necessary comparison."
"7","LSTM","18","23","LSTM affine form and PyTorch workflow","algorithmic process","yes","strong","Sequence model variants","Slides 18-23 complete the algorithmic process 'LSTM affine form and PyTorch workflow' before the lecture shifts to 'Sequence model variants'. Stopping after slide 23 keeps the full explanation intact and avoids splitting a derivation, algorithm, worked example, architecture explanation, or necessary comparison."
"7","LSTM","24","28","Sequence model variants and bidirectionality","model architecture explanation","yes","strong","Seq2Seq response generation","Slides 24-28 complete the model architecture explanation 'Sequence model variants and bidirectionality' before the lecture shifts to 'Seq2Seq response generation'. Stopping after slide 28 keeps the full explanation intact and avoids splitting a derivation, algorithm, worked example, architecture explanation, or necessary comparison."
"7","LSTM","29","38","Seq2Seq response generation worked example","worked example or demonstration","yes","strong","Image captioning example","Slides 29-38 complete the worked example or demonstration 'Seq2Seq response generation worked example' before the lecture shifts to 'Image captioning example'. Stopping after slide 38 keeps the full explanation intact and avoids splitting a derivation, algorithm, worked example, architecture explanation, or necessary comparison."
"7","LSTM","39","46","Image captioning worked example","worked example or demonstration","yes","strong","LSTM summary","Slides 39-46 complete the worked example or demonstration 'Image captioning worked example' before the lecture shifts to 'LSTM summary'. Stopping after slide 46 keeps the full explanation intact and avoids splitting a derivation, algorithm, worked example, architecture explanation, or necessary comparison."
"7","LSTM","47","47","LSTM summary","model architecture explanation","yes","strong","Next lecture on transformers","Slides 47-47 close the lecture by completing the model architecture explanation 'LSTM summary'. There is no required follow-on concept, so this is a clean video ending and a good place for recap or quiz."
"8","Transformer","1","2","Transformer lecture roadmap","model architecture explanation","yes","strong","Seq2Seq bottleneck","Slides 1-2 complete the model architecture explanation 'Transformer lecture roadmap' before the lecture shifts to 'Seq2Seq bottleneck'. Stopping after slide 2 keeps the full explanation intact and avoids splitting a derivation, algorithm, worked example, architecture explanation, or necessary comparison."
"8","Transformer","3","10","Seq2Seq mechanics and bottleneck","conceptual unit","yes","strong","Attention over encoder states","Slides 3-10 complete the conceptual unit 'Seq2Seq mechanics and bottleneck' before the lecture shifts to 'Attention over encoder states'. Stopping after slide 10 keeps the full explanation intact and avoids splitting a derivation, algorithm, worked example, architecture explanation, or necessary comparison."
"8","Transformer","11","18","Attention for Seq2Seq alignment","conceptual unit","yes","strong","Self-attention","Slides 11-18 complete the conceptual unit 'Attention for Seq2Seq alignment' before the lecture shifts to 'Self-attention'. Stopping after slide 18 keeps the full explanation intact and avoids splitting a derivation, algorithm, worked example, architecture explanation, or necessary comparison."
"8","Transformer","19","31","Self-attention computation and QKV roles","conceptual unit","yes","strong","Positional encoding","Slides 19-31 complete the conceptual unit 'Self-attention computation and QKV roles' before the lecture shifts to 'Positional encoding'. Stopping after slide 31 keeps the full explanation intact and avoids splitting a derivation, algorithm, worked example, architecture explanation, or necessary comparison."
"8","Transformer","32","40","Attention visualization and positional encoding","conceptual unit","yes","strong","Multi-head attention","Slides 32-40 complete the conceptual unit 'Attention visualization and positional encoding' before the lecture shifts to 'Multi-head attention'. Stopping after slide 40 keeps the full explanation intact and avoids splitting a derivation, algorithm, worked example, architecture explanation, or necessary comparison."
"8","Transformer","41","45","Multi-head and cross-attention","conceptual unit","yes","strong","Transformer summary","Slides 41-45 complete the conceptual unit 'Multi-head and cross-attention' before the lecture shifts to 'Transformer summary'. Stopping after slide 45 keeps the full explanation intact and avoids splitting a derivation, algorithm, worked example, architecture explanation, or necessary comparison."
"8","Transformer","46","47","Transformer summary and references","model architecture explanation","yes","strong","Next lecture on LLMs","Slides 46-47 close the lecture by completing the model architecture explanation 'Transformer summary and references'. There is no required follow-on concept, so this is a clean video ending and a good place for recap or quiz."
"9","LLM","1","4","LLM overview tokenization and embeddings","algorithmic process","yes","strong","Long-distance dependencies","Slides 1-4 complete the algorithmic process 'LLM overview tokenization and embeddings' before the lecture shifts to 'Long-distance dependencies'. Stopping after slide 4 keeps the full explanation intact and avoids splitting a derivation, algorithm, worked example, architecture explanation, or necessary comparison."
"9","LLM","5","8","Long-distance dependency and transformer advantage","model architecture explanation","yes","strong","Pretraining and fine-tuning","Slides 5-8 complete the model architecture explanation 'Long-distance dependency and transformer advantage' before the lecture shifts to 'Pretraining and fine-tuning'. Stopping after slide 8 keeps the full explanation intact and avoids splitting a derivation, algorithm, worked example, architecture explanation, or necessary comparison."
"9","LLM","9","16","BERT pretraining and fine-tuning examples","worked example or demonstration","yes","strong","GPT autoregressive modeling","Slides 9-16 complete the worked example or demonstration 'BERT pretraining and fine-tuning examples' before the lecture shifts to 'GPT autoregressive modeling'. Stopping after slide 16 keeps the full explanation intact and avoids splitting a derivation, algorithm, worked example, architecture explanation, or necessary comparison."
"9","LLM","17","21","GPT BERT comparison and autoregressive next-token prediction","worked example or demonstration","yes","strong","Few-shot and in-context learning","Slides 17-21 complete the worked example or demonstration 'GPT BERT comparison and autoregressive next-token prediction' before the lecture shifts to 'Few-shot and in-context learning'. Stopping after slide 21 keeps the full explanation intact and avoids splitting a derivation, algorithm, worked example, architecture explanation, or necessary comparison."
"9","LLM","22","24","Few-shot in-context learning and scaling laws","conceptual unit","yes","strong","Alignment and RLHF","Slides 22-24 complete the conceptual unit 'Few-shot in-context learning and scaling laws' before the lecture shifts to 'Alignment and RLHF'. Stopping after slide 24 keeps the full explanation intact and avoids splitting a derivation, algorithm, worked example, architecture explanation, or necessary comparison."
"9","LLM","25","31","Instruction tuning reward modeling and RLHF","algorithmic process","yes","strong","LLM summary","Slides 25-31 complete the algorithmic process 'Instruction tuning reward modeling and RLHF' before the lecture shifts to 'LLM summary'. Stopping after slide 31 keeps the full explanation intact and avoids splitting a derivation, algorithm, worked example, architecture explanation, or necessary comparison."
"9","LLM","32","32","LLM summary","summary or closure","yes","strong","Next lecture on vision transformers","Slides 32-32 close the lecture by completing the summary or closure 'LLM summary'. There is no required follow-on concept, so this is a clean video ending and a good place for recap or quiz."
"10","VIT","1","5","Vision Transformer motivation and overview","model architecture explanation","yes","strong","ViT patch pipeline","Slides 1-5 complete the model architecture explanation 'Vision Transformer motivation and overview' before the lecture shifts to 'ViT patch pipeline'. Stopping after slide 5 keeps the full explanation intact and avoids splitting a derivation, algorithm, worked example, architecture explanation, or necessary comparison."
"10","VIT","6","15","ViT patch embeddings encoder and classification token","model architecture explanation","yes","strong","ViT limitations and training","Slides 6-15 complete the model architecture explanation 'ViT patch embeddings encoder and classification token' before the lecture shifts to 'ViT limitations and training'. Stopping after slide 15 keeps the full explanation intact and avoids splitting a derivation, algorithm, worked example, architecture explanation, or necessary comparison."
"10","VIT","16","23","ViT inductive bias cost pretraining and evaluation","algorithmic process","yes","strong","DeiT and distillation","Slides 16-23 complete the algorithmic process 'ViT inductive bias cost pretraining and evaluation' before the lecture shifts to 'DeiT and distillation'. Stopping after slide 23 keeps the full explanation intact and avoids splitting a derivation, algorithm, worked example, architecture explanation, or necessary comparison."
"10","VIT","24","32","DeiT and knowledge distillation","algorithmic process","yes","strong","Tokenization and hierarchical variants","Slides 24-32 complete the algorithmic process 'DeiT and knowledge distillation' before the lecture shifts to 'Tokenization and hierarchical variants'. Stopping after slide 32 keeps the full explanation intact and avoids splitting a derivation, algorithm, worked example, architecture explanation, or necessary comparison."
"10","VIT","33","38","T2T PVT and spatial-reduction attention","model architecture explanation","yes","strong","Swin hierarchy","Slides 33-38 complete the model architecture explanation 'T2T PVT and spatial-reduction attention' before the lecture shifts to 'Swin hierarchy'. Stopping after slide 38 keeps the full explanation intact and avoids splitting a derivation, algorithm, worked example, architecture explanation, or necessary comparison."
"10","VIT","39","58","Swin hierarchy window attention and shifted windows","model architecture explanation","yes","strong","Vision transformer variants","Slides 39-58 complete the model architecture explanation 'Swin hierarchy window attention and shifted windows' before the lecture shifts to 'Vision transformer variants'. Stopping after slide 58 keeps the full explanation intact and avoids splitting a derivation, algorithm, worked example, architecture explanation, or necessary comparison."
"10","VIT","59","63","Vision transformer variants and segmentation","model architecture explanation","yes","strong","Self-supervised vision transformers","Slides 59-63 complete the model architecture explanation 'Vision transformer variants and segmentation' before the lecture shifts to 'Self-supervised vision transformers'. Stopping after slide 63 keeps the full explanation intact and avoids splitting a derivation, algorithm, worked example, architecture explanation, or necessary comparison."
"10","VIT","64","67","MAE DINO iBOT and self-supervised vision","model architecture explanation","yes","strong","Multimodal transformers","Slides 64-67 complete the model architecture explanation 'MAE DINO iBOT and self-supervised vision' before the lecture shifts to 'Multimodal transformers'. Stopping after slide 67 keeps the full explanation intact and avoids splitting a derivation, algorithm, worked example, architecture explanation, or necessary comparison."
"10","VIT","68","70","CLIP multimodal transformers and recent evolution","model architecture explanation","yes","strong","Vision transformer summary","Slides 68-70 complete the model architecture explanation 'CLIP multimodal transformers and recent evolution' before the lecture shifts to 'Vision transformer summary'. Stopping after slide 70 keeps the full explanation intact and avoids splitting a derivation, algorithm, worked example, architecture explanation, or necessary comparison."
"10","VIT","71","71","Vision transformer summary","model architecture explanation","yes","strong","References and backup material","Slides 71-71 complete the model architecture explanation 'Vision transformer summary' before the lecture shifts to 'References and backup material'. Stopping after slide 71 keeps the full explanation intact and avoids splitting a derivation, algorithm, worked example, architecture explanation, or necessary comparison."
"10","VIT","72","75","References and backup slides","model architecture explanation","yes","strong","Next lecture on generative models","Slides 72-75 close the lecture by completing the model architecture explanation 'References and backup slides'. There is no required follow-on concept, so this is a clean video ending and a good place for recap or quiz."
"11","Generative Model","1","2","Generative modeling overview and learning types","comparison or tradeoff","yes","strong","Unsupervised learning bridge","Slides 1-2 complete the comparison or tradeoff 'Generative modeling overview and learning types' before the lecture shifts to 'Unsupervised learning bridge'. Stopping after slide 2 keeps the full explanation intact and avoids splitting a derivation, algorithm, worked example, architecture explanation, or necessary comparison."
"11","Generative Model","3","5","Unsupervised learning bridge to generative models","worked example or demonstration","yes","strong","Generative model goals","Slides 3-5 complete the worked example or demonstration 'Unsupervised learning bridge to generative models' before the lecture shifts to 'Generative model goals'. Stopping after slide 5 keeps the full explanation intact and avoids splitting a derivation, algorithm, worked example, architecture explanation, or necessary comparison."
"11","Generative Model","6","8","Goals and families of generative models","conceptual unit","yes","strong","Autoencoders and VAEs","Slides 6-8 complete the conceptual unit 'Goals and families of generative models' before the lecture shifts to 'Autoencoders and VAEs'. Stopping after slide 8 keeps the full explanation intact and avoids splitting a derivation, algorithm, worked example, architecture explanation, or necessary comparison."
"11","Generative Model","9","13","Autoencoders VAEs and latent spaces","worked example or demonstration","yes","strong","GANs","Slides 9-13 complete the worked example or demonstration 'Autoencoders VAEs and latent spaces' before the lecture shifts to 'GANs'. Stopping after slide 13 keeps the full explanation intact and avoids splitting a derivation, algorithm, worked example, architecture explanation, or necessary comparison."
"11","Generative Model","14","16","GAN objectives strengths and weaknesses","model architecture explanation","yes","strong","Diffusion models","Slides 14-16 complete the model architecture explanation 'GAN objectives strengths and weaknesses' before the lecture shifts to 'Diffusion models'. Stopping after slide 16 keeps the full explanation intact and avoids splitting a derivation, algorithm, worked example, architecture explanation, or necessary comparison."
"11","Generative Model","17","18","Diffusion and latent conditional generation","model architecture explanation","yes","strong","Generative model summary","Slides 17-18 complete the model architecture explanation 'Diffusion and latent conditional generation' before the lecture shifts to 'Generative model summary'. Stopping after slide 18 keeps the full explanation intact and avoids splitting a derivation, algorithm, worked example, architecture explanation, or necessary comparison."
"11","Generative Model","19","19","Generative model summary","summary or closure","yes","strong","Course wrap-up or next module","Slides 19-19 close the lecture by completing the summary or closure 'Generative model summary'. There is no required follow-on concept, so this is a clean video ending and a good place for recap or quiz."
